biomass_type,quantity_kg,moisture_percent,calorific_value_mj_kg,energy_kwh
Rice Husk,50,12,14.5,45.6
Rice Husk,75,13,14.7,67.6
Rice Husk,100,11,14.3,93.0
Rice Husk,125,14,14.6,109.4
Rice Husk,150,12,14.8,136.6
Rice Husk,175,15,14.4,148.6
Rice Husk,200,13,14.5,180.6
Rice Husk,225,11,14.7,215.3
Rice Husk,250,14,14.3,218.6
Rice Husk,275,12,14.6,250.6
Rice Husk,300,15,14.8,264.2
Rice Husk,325,13,14.4,292.2
Rice Husk,350,11,14.5,325.8
Rice Husk,375,14,14.7,330.3
Rice Husk,400,12,14.3,365.1
Rice Husk,425,15,14.6,362.2
Rice Husk,450,13,14.8,406.8
Rice Husk,475,11,14.4,453.7
Rice Husk,500,14,14.5,439.8
Rice Husk,525,12,14.7,477.9
Sugarcane Bagasse,50,48,17.2,51.2
Sugarcane Bagasse,75,50,17.0,72.8
Sugarcane Bagasse,100,46,17.4,102.5
Sugarcane Bagasse,125,52,17.1,112.3
Sugarcane Bagasse,150,49,17.3,151.3
Sugarcane Bagasse,175,47,17.0,169.6
Sugarcane Bagasse,200,51,17.2,182.0
Sugarcane Bagasse,225,48,17.4,227.2
Sugarcane Bagasse,250,50,17.1,242.4
Sugarcane Bagasse,275,46,17.3,289.1
Sugarcane Bagasse,300,52,17.0,273.0
Sugarcane Bagasse,325,49,17.2,313.9
Sugarcane Bagasse,350,47,17.4,359.1
Sugarcane Bagasse,375,51,17.1,341.9
Sugarcane Bagasse,400,48,17.3,406.4
Sugarcane Bagasse,425,50,17.0,412.8
Sugarcane Bagasse,450,46,17.2,462.1
Sugarcane Bagasse,475,52,17.4,449.0
Sugarcane Bagasse,500,49,17.1,493.0
Sugarcane Bagasse,525,47,17.3,535.0
Coconut Shell,50,8,20.5,68.6
Coconut Shell,75,9,20.8,100.3
Coconut Shell,100,7,20.2,142.0
Coconut Shell,125,10,20.6,161.8
Coconut Shell,150,8,20.4,208.8
Coconut Shell,175,11,20.7,218.2
Coconut Shell,200,9,20.5,274.4
Coconut Shell,225,7,20.8,325.8
Coconut Shell,250,10,20.2,322.1
Coconut Shell,275,8,20.6,380.3
Coconut Shell,300,11,20.4,374.1
Coconut Shell,325,9,20.7,437.2
Coconut Shell,350,7,20.5,506.2
Coconut Shell,375,10,20.8,485.7
Coconut Shell,400,8,20.2,549.5
Coconut Shell,425,11,20.6,557.0
Coconut Shell,450,9,20.4,616.0
Coconut Shell,475,7,20.7,688.1
Coconut Shell,500,10,20.5,672.0
Coconut Shell,525,8,20.8,751.9
Corn Stalk,50,18,15.8,47.3
Corn Stalk,75,20,15.5,67.1
Corn Stalk,100,16,15.7,96.7
Corn Stalk,125,22,15.6,104.2
Corn Stalk,150,19,15.9,141.8
Corn Stalk,175,17,15.5,171.5
Corn Stalk,200,21,15.8,165.1
Corn Stalk,225,18,15.7,213.8
Corn Stalk,250,20,15.6,222.8
Corn Stalk,275,16,15.9,278.3
Corn Stalk,300,22,15.5,247.4
Corn Stalk,325,19,15.8,297.8
Corn Stalk,350,17,15.7,348.9
Corn Stalk,375,21,15.6,329.0
Corn Stalk,400,18,15.9,379.4
Corn Stalk,425,20,15.5,379.9
Corn Stalk,450,16,15.8,434.7
Corn Stalk,475,22,15.7,438.8
Corn Stalk,500,19,15.6,446.5
Corn Stalk,525,17,15.9,518.4
Wood Waste,50,15,18.5,64.4
Wood Waste,75,17,18.8,93.5
Wood Waste,100,12,18.2,132.6
Wood Waste,125,19,18.6,140.5
Wood Waste,150,14,18.7,204.8
Wood Waste,175,16,18.4,217.3
Wood Waste,200,18,18.5,238.9
Wood Waste,225,13,18.8,310.5
Wood Waste,250,15,18.2,298.5
Wood Waste,275,17,18.6,340.2
Wood Waste,300,12,18.7,407.5
Wood Waste,325,19,18.4,378.5
Wood Waste,350,14,18.5,449.5
Wood Waste,375,16,18.8,474.3
Wood Waste,400,18,18.2,490.5
Wood Waste,425,13,18.6,590.2
Wood Waste,450,15,18.7,578.1
Wood Waste,475,17,18.4,594.0
Wood Waste,500,12,18.5,676.6
Wood Waste,525,14,18.8,700.9
Food Waste,50,65,8.5,14.4
Food Waste,75,68,8.2,19.1
Food Waste,100,62,8.8,29.7
Food Waste,125,70,8.4,27.6
Food Waste,150,66,8.6,43.1
Food Waste,175,64,8.3,54.0
Food Waste,200,69,8.5,52.0
Food Waste,225,63,8.7,70.0
Food Waste,250,67,8.4,68.0
Food Waste,275,65,8.6,81.5
Food Waste,300,71,8.3,75.0
Food Waste,325,66,8.5,94.2
Food Waste,350,64,8.8,113.3
Food Waste,375,69,8.4,104.9
Food Waste,400,62,8.6,131.9
Food Waste,425,68,8.3,108.2
Food Waste,450,65,8.5,133.8
Food Waste,475,63,8.7,154.2
Food Waste,500,70,8.4,134.0
Food Waste,525,66,8.6,158.2
